sample.id,year,latitude,longitude,n.obs,ndvi.gs.avg,ndvi.gs.med,ndvi.gs.q90,ndvi.max,ndvi.max.lwr,ndvi.max.upr,ndvi.max.doy
pixel_1 _PYR_pig,2005,78.6531144,16.3268276,2,0.421312382680337,0.421312382680337,0.421312382680337,0.441618452135457,0.438299689803002,0.444937214467913,220
pixel_1 _PYR_pig,2006,78.6531144,16.3268276,15,0.410847412382161,0.420517181981625,0.446288603493808,0.446288603493808,0.389444468082094,0.479209287323201,217
pixel_1 _PYR_pig,2010,78.6531144,16.3268276,7,0.360548858222809,0.360548858222809,0.360548858222809,0.433334403914944,0.423988263465286,0.458795588255498,216
pixel_1 _PYR_pig,2011,78.6531144,16.3268276,11,0.364261979064861,0.364261979064861,0.364261979064861,0.381255521663671,0.371100917661771,0.385508064327039,212
pixel_1 _PYR_pig,2013,78.6531144,16.3268276,39,0.52007313348727,0.52572882126456,0.538394121216207,0.577067366370562,0.51329815936445,0.605740283229311,213
pixel_1 _PYR_pig,2014,78.6531144,16.3268276,69,0.522224510785017,0.543415468216117,0.550074920757496,0.558593131898714,0.438243144770235,0.593487176917146,213
pixel_1 _PYR_pig,2015,78.6531144,16.3268276,36,0.448097244710488,0.435018918321601,0.475516156188198,0.515870900626465,0.481205652029088,0.565246893540722,212
pixel_1 _PYR_pig,2016,78.6531144,16.3268276,63,0.465210273203259,0.51007484753375,0.551479701660878,0.551479701660878,0.378343763256735,0.563271091096594,212
pixel_1 _PYR_pig,2017,78.6531144,16.3268276,30,0.455239886643586,0.476761848854679,0.477612552272963,0.506100139524196,0.465960840948816,0.526296178854429,212
pixel_1 _PYR_pig,2018,78.6531144,16.3268276,36,0.498018246058042,0.508548634295916,0.536910435282119,0.537355648341669,0.47901119939315,0.567442245551561,212
pixel_1 _PYR_pig,2019,78.6531144,16.3268276,104,0.469930481299096,0.468225701415565,0.549843482719882,0.549843482719882,0.393643684249218,0.574725913250722,210
pixel_1 _PYR_pig,2020,78.6531144,16.3268276,40,0.474164100045624,0.481256217515043,0.506140201484394,0.506140201484394,0.482070404748561,0.517679632843328,209
pixel_1 _PYR_pig,2021,78.6531144,16.3268276,48,0.422198690725363,0.404533401948074,0.510675217965751,0.510675217965751,0.412080570337933,0.51420151132682,210
pixel_10 _PYR_pig,1992,78.6523082,16.3267346,4,0.293396339839216,0.295736171697636,0.316630141657689,0.316630141657689,0.296285813691943,0.34970226092284,240
pixel_10 _PYR_pig,1993,78.6523082,16.3267346,2,0.295397427127815,0.295397427127815,0.346788557089552,0.346788557089552,0.270621913304022,0.412242391892972,240
pixel_10 _PYR_pig,1999,78.6523082,16.3267346,2,0.296409614504552,0.296409614504552,0.31259196383643,0.344723876329945,0.307800845602775,0.381646907057115,240
pixel_10 _PYR_pig,2000,78.6523082,16.3267346,4,0.319931014609052,0.31002395796161,0.348788630068302,0.348788630068302,0.301190313651992,0.401079612038284,240
pixel_10 _PYR_pig,2002,78.6523082,16.3267346,2,0.259243065255672,0.259243065255672,0.294232387360458,0.320512687978529,0.278614147956211,0.362411228000846,240
pixel_10 _PYR_pig,2005,78.6523082,16.3267346,2,0.235498354463306,0.235498354463306,0.235498354463306,0.266187112784979,0.258112056819822,0.274262168750136,224
pixel_10 _PYR_pig,2006,78.6523082,16.3267346,11,0.272598008435733,0.290307575490681,0.304821133561751,0.315183481560326,0.246916471872151,0.356573505103933,222
pixel_10 _PYR_pig,2011,78.6523082,16.3267346,12,0.279476345501143,0.279476345501143,0.279476345501143,0.306185374952079,0.282190538453165,0.37116239349058,211
pixel_10 _PYR_pig,2012,78.6523082,16.3267346,4,0.223665792229607,0.223665792229607,0.223665792229607,0.28385106667574,0.262354844762104,0.292426511238244,221
pixel_10 _PYR_pig,2013,78.6523082,16.3267346,35,0.317794840893985,0.321097393689986,0.336680578112855,0.366594697081462,0.282603028858305,0.427150000632386,214
pixel_10 _PYR_pig,2014,78.6523082,16.3267346,74,0.335822778319402,0.314385820985444,0.378641018915694,0.383981299049933,0.275384542963739,0.471243642210007,212
pixel_10 _PYR_pig,2015,78.6523082,16.3267346,59,0.33772948840766,0.355731738033226,0.389825458670483,0.389825458670483,0.301888304550791,0.489428712756278,210
pixel_10 _PYR_pig,2016,78.6523082,16.3267346,66,0.352944560894598,0.355233477138371,0.424471157762258,0.424471157762258,0.312615914165766,0.490089132862074,208
pixel_10 _PYR_pig,2017,78.6523082,16.3267346,18,0.297057026603038,0.316430744744147,0.316430744744147,0.344123203784107,0.328212534296745,0.378991233816355,210
pixel_10 _PYR_pig,2018,78.6523082,16.3267346,21,0.373186629516072,0.354069673022832,0.505777335278826,0.505777335278826,0.35018091533306,0.51969280989897,206
pixel_10 _PYR_pig,2019,78.6523082,16.3267346,84,0.333481737650192,0.300498799543588,0.471977663047937,0.471977663047937,0.273360330239072,0.523861314161251,205
pixel_10 _PYR_pig,2020,78.6523082,16.3267346,34,0.338011040270088,0.327468944573259,0.461935568374163,0.461935568374163,0.278437773458418,0.481534582248424,204
pixel_10 _PYR_pig,2021,78.6523082,16.3267346,41,0.345363207776255,0.326817705585374,0.428383343014575,0.428383343014575,0.300719433429996,0.460593728594217,203
pixel_11 _PYR_pig,1992,78.6523021,16.3281,4,0.281538354711239,0.281717070650502,0.306636750116417,0.306636750116417,0.269350161046874,0.31691187566505,218
pixel_11 _PYR_pig,1999,78.6523021,16.3281,2,0.383404121289456,0.383404121289456,0.406823965508597,0.406823965508597,0.355670240967661,0.454013404913522,218
pixel_11 _PYR_pig,2000,78.6523021,16.3281,5,0.389113408035613,0.400193415693913,0.411698623944867,0.411698623944867,0.343527456251627,0.424992267104562,218
pixel_11 _PYR_pig,2002,78.6523021,16.3281,2,0.327027634188292,0.327027634188292,0.377434746359445,0.377434746359445,0.302275061491432,0.422504689631903,218
pixel_11 _PYR_pig,2005,78.6523021,16.3281,2,0.300770251087892,0.300770251087892,0.300770251087892,0.366400297834074,0.363601305517931,0.369199290150217,232
pixel_11 _PYR_pig,2006,78.6523021,16.3281,13,0.31270581370373,0.297787208852697,0.401169424400348,0.401169424400348,0.321940931116191,0.478465053509141,229
pixel_11 _PYR_pig,2010,78.6523021,16.3281,9,0.283925062406701,0.293278211944687,0.293278211944687,0.387498476086273,0.344156612118801,0.39778220890901,221
pixel_11 _PYR_pig,2011,78.6523021,16.3281,13,0.347388693945739,0.347388693945739,0.347388693945739,0.390105596741795,0.347820297644702,0.429027414418032,213
pixel_11 _PYR_pig,2012,78.6523021,16.3281,4,0.260700908461455,0.260700908461455,0.260700908461455,0.349848317079255,0.341093819839441,0.350233171967798,226
pixel_11 _PYR_pig,2013,78.6523021,16.3281,42,0.416977280918345,0.399536042163647,0.469013754666357,0.478473698800201,0.34824182618436,0.570767980632686,216
pixel_11 _PYR_pig,2014,78.6523021,16.3281,78,0.415072426419232,0.412488467821906,0.477616548440594,0.477616548440594,0.378971269600892,0.526741686439116,213
pixel_11 _PYR_pig,2015,78.6523021,16.3281,69,0.403009196516834,0.419429545566237,0.485797697501223,0.485797697501223,0.39056368634337,0.525957302333806,212
pixel_11 _PYR_pig,2016,78.6523021,16.3281,60,0.435547503231832,0.47311229864049,0.484412090142594,0.484412090142594,0.387686904390029,0.527784822505735,210
pixel_11 _PYR_pig,2017,78.6523021,16.3281,30,0.369704393232199,0.37275692430134,0.380656830971192,0.447266622961508,0.391931862521146,0.47881840880245,209
pixel_11 _PYR_pig,2018,78.6523021,16.3281,24,0.468390341447806,0.443064822603532,0.592180931920013,0.592180931920013,0.425001275844513,0.598780545282841,208
pixel_11 _PYR_pig,2019,78.6523021,16.3281,93,0.376354138908494,0.36086529692395,0.44283525251171,0.44283525251171,0.349638344397677,0.579143165250368,207
pixel_11 _PYR_pig,2020,78.6523021,16.3281,50,0.385042350540165,0.376753282826155,0.475432772614315,0.475432772614315,0.368825956592875,0.600408042328999,205
pixel_11 _PYR_pig,2021,78.6523021,16.3281,55,0.371734974919702,0.374263767083043,0.43178948611566,0.43178948611566,0.374369179914105,0.490561387494097,205
pixel_2 _PYR_pig,2005,78.6528517,16.3254311,2,0.3350387720841,0.3350387720841,0.3350387720841,0.339302686637265,0.337098113972637,0.341507259301893,210
pixel_2 _PYR_pig,2006,78.6528517,16.3254311,15,0.35834901717866,0.344375525360041,0.446905434975772,0.446905434975772,0.289667550696114,0.463386919374174,209
pixel_2 _PYR_pig,2010,78.6528517,16.3254311,10,0.264469522706695,0.276243325745576,0.276243325745576,0.334564067309899,0.292970306531609,0.337415232356068,208
pixel_2 _PYR_pig,2011,78.6528517,16.3254311,13,0.290352855299347,0.290352855299347,0.290352855299347,0.310440931279034,0.291792697141682,0.320956132147125,211
pixel_2 _PYR_pig,2013,78.6528517,16.3254311,49,0.342113243782486,0.325991410269653,0.3890507388708,0.3890507388708,0.340395949025726,0.405532223269202,210
pixel_2 _PYR_pig,2014,78.6528517,16.3254311,94,0.35041971676787,0.373050745570539,0.38748803455918,0.38748803455918,0.303326534718296,0.431003073752201,210
pixel_2 _PYR_pig,2015,78.6528517,16.3254311,72,0.334893646448996,0.366829858238257,0.38754027366737,0.38754027366737,0.27403146057391,0.443224214695698,211
pixel_2 _PYR_pig,2016,78.6528517,16.3254311,63,0.345654743885191,0.377878208954085,0.387349736672989,0.387349736672989,0.26503696630916,0.412904241322801,210
pixel_2 _PYR_pig,2017,78.6528517,16.3254311,30,0.33869455236817,0.335660122031907,0.373427107756196,0.373427107756196,0.334135988649785,0.405594237214064,211
pixel_2 _PYR_pig,2018,78.6528517,16.3254311,27,0.360276778966302,0.373067327566915,0.373571253623046,0.38550638230261,0.348502190515673,0.418495140282749,212
pixel_2 _PYR_pig,2019,78.6528517,16.3254311,115,0.334627917976147,0.317326464703545,0.387811781453951,0.387811781453951,0.283140449337976,0.423707282552215,211
pixel_2 _PYR_pig,2020,78.6528517,16.3254311,42,0.335686955931704,0.319565182196268,0.378047548479859,0.378047548479859,0.306251223188325,0.403306001426787,213
pixel_2 _PYR_pig,2021,78.6528517,16.3254311,43,0.309031631570191,0.308825552883956,0.380384155486356,0.380384155486356,0.276251291322854,0.400046354582138,214
pixel_3 _PYR_pig,2005,78.6528456,16.3267966,2,0.412724514492837,0.412724514492837,0.412724514492837,0.457706385366801,0.450674725458275,0.464738045275328,230
pixel_3 _PYR_pig,2006,78.6528456,16.3267966,15,0.393531545658366,0.368606654857099,0.455849742495348,0.455849742495348,0.395857379664169,0.516339726497557,230
pixel_3 _PYR_pig,2010,78.6528456,16.3267966,12,0.334374141831434,0.34784522050734,0.34784522050734,0.423546338779607,0.413358819124907,0.4341655531111,222
pixel_3 _PYR_pig,2011,78.6528456,16.3267966,13,0.421874192381248,0.421874192381248,0.421874192381248,0.437634037353883,0.421874192381248,0.441363981351676,219
pixel_3 _PYR_pig,2013,78.6528456,16.3267966,52,0.531925062397691,0.532131882674125,0.548956656321627,0.566072767717328,0.53297899811921,0.62114571692685,219
pixel_3 _PYR_pig,2014,78.6528456,16.3267966,79,0.50712573895812,0.495663018086449,0.55092957308017,0.55092957308017,0.475608882686727,0.582790968681827,219
pixel_3 _PYR_pig,2015,78.6528456,16.3267966,24,0.466767658822465,0.466767658822465,0.469560709487117,0.529021569730289,0.5219925411521,0.548021757751602,218
pixel_3 _PYR_pig,2016,78.6528456,16.3267966,55,0.494287831295479,0.481323963967952,0.562492621194085,0.562492621194085,0.481360747972937,0.585562531554238,217
pixel_3 _PYR_pig,2017,78.6528456,16.3267966,10,0.483913831036522,0.483913831036522,0.483913831036522,0.540027014844144,0.536838647868122,0.558824286623895,216
pixel_3 _PYR_pig,2018,78.6528456,16.3267966,35,0.543029858337259,0.554629687573431,0.563082538561007,0.572336412174353,0.55828746580269,0.6129543613781,215
pixel_3 _PYR_pig,2019,78.6528456,16.3267966,79,0.479016670315367,0.480686273588364,0.54783436647158,0.54783436647158,0.480686273588364,0.566231712981484,211
pixel_3 _PYR_pig,2020,78.6528456,16.3267966,49,0.471221215581157,0.48164152032697,0.533162836134932,0.533162836134932,0.409154517423803,0.536888671538338,211
pixel_3 _PYR_pig,2021,78.6528456,16.3267966,52,0.433517847445612,0.420159616505845,0.502884804806791,0.502884804806791,0.458276732111334,0.550400619256215,212
pixel_4 _PYR_pig,2005,78.6528395,16.3281621,2,0.379399860762033,0.379399860762033,0.379399860762033,0.422681149383648,0.421801315115525,0.423560983651771,233
pixel_4 _PYR_pig,2006,78.6528395,16.3281621,15,0.33846037757336,0.343577142143309,0.363235177606438,0.381163704930942,0.353504893229358,0.419257299138213,234
pixel_4 _PYR_pig,2010,78.6528395,16.3281621,11,0.315120721711377,0.308517151291423,0.326676969946297,0.3917215743876,0.375666421828845,0.441526027647034,224
pixel_4 _PYR_pig,2011,78.6528395,16.3281621,13,0.346516285873005,0.346516285873005,0.346516285873005,0.358554218025315,0.347463943242651,0.365530525945966,215
pixel_4 _PYR_pig,2013,78.6528395,16.3281621,52,0.445068151354879,0.453073703320322,0.468594299197521,0.478628869593957,0.420699440461765,0.539758395565785,215
pixel_4 _PYR_pig,2014,78.6528395,16.3281621,89,0.470897730886234,0.481397560214155,0.543137965918399,0.543137965918399,0.3834886593348,0.564450576043604,215
pixel_4 _PYR_pig,2015,78.6528395,16.3281621,71,0.416263161134095,0.419796932457072,0.513238242071503,0.513238242071503,0.403291353064735,0.575094723230022,213
pixel_4 _PYR_pig,2016,78.6528395,16.3281621,47,0.41910362015187,0.422745591189849,0.484449172206667,0.484449172206667,0.337977249716126,0.502183246065322,212
pixel_4 _PYR_pig,2017,78.6528395,16.3281621,20,0.478690944345513,0.478690944345513,0.480583836790529,0.496592762652014,0.485412127252287,0.508064590402427,210
pixel_4 _PYR_pig,2018,78.6528395,16.3281621,45,0.472388856305365,0.481988575823632,0.547136743301914,0.547136743301914,0.464447173220764,0.555432581513738,209
pixel_4 _PYR_pig,2019,78.6528395,16.3281621,102,0.448674452292943,0.462043962303101,0.546293481128476,0.546293481128476,0.386031012333369,0.55267260339253,208
pixel_4 _PYR_pig,2020,78.6528395,16.3281621,49,0.461660773626949,0.472770094005772,0.497168866950666,0.497168866950666,0.426436505618835,0.535476067585131,208
pixel_4 _PYR_pig,2021,78.6528395,16.3281621,55,0.404128800408091,0.393518077927966,0.441566612205735,0.448062940571739,0.38187644001455,0.493991089190023,208
pixel_5 _PYR_pig,2005,78.6528334,16.3295276,2,0.401684256977899,0.401684256977899,0.401684256977899,0.439529830670536,0.439307694818046,0.439751966523025,226
pixel_5 _PYR_pig,2006,78.6528334,16.3295276,9,0.349564074519734,0.343891113308288,0.36251013696701,0.418079458758884,0.369946040938441,0.439711086133119,226
pixel_5 _PYR_pig,2010,78.6528334,16.3295276,3,0.287926224077087,0.306274719142018,0.306274719142018,0.401676321877432,0.347287726757899,0.406609300461914,225
pixel_5 _PYR_pig,2013,78.6528334,16.3295276,33,0.392945685838905,0.38946658675457,0.437442702069223,0.471230329171846,0.312177491788664,0.489467918867483,231
pixel_5 _PYR_pig,2014,78.6528334,16.3295276,89,0.420355660747192,0.406038880118326,0.478281050344781,0.478281050344781,0.394649390220306,0.512743019966654,232
pixel_5 _PYR_pig,2015,78.6528334,16.3295276,46,0.418273423027039,0.419122256620928,0.51866927692723,0.51866927692723,0.367367770647661,0.519173301575353,232
pixel_5 _PYR_pig,2016,78.6528334,16.3295276,45,0.394838488219164,0.393164436917487,0.412827642017874,0.437136685421595,0.388290585830516,0.475304956397484,233
pixel_5 _PYR_pig,2017,78.6528334,16.3295276,20,0.425233724243536,0.425233724243536,0.437365102786597,0.437365102786597,0.413409865621745,0.459255238172759,234
pixel_5 _PYR_pig,2018,78.6528334,16.3295276,24,0.414875184876419,0.376557919875706,0.480890541960943,0.481057670194144,0.448004855179079,0.485814970915466,233
pixel_5 _PYR_pig,2019,78.6528334,16.3295276,104,0.371298228528446,0.377160878941065,0.456764552513441,0.456764552513441,0.337468093464663,0.471313225670155,233
pixel_5 _PYR_pig,2020,78.6528334,16.3295276,44,0.411648308371745,0.422567790342119,0.474903475276769,0.474903475276769,0.347249906370296,0.529047794951631,233
pixel_5 _PYR_pig,2021,78.6528334,16.3295276,42,0.378256357830461,0.374528900479695,0.420635465503121,0.430706134719108,0.4144593342029,0.462292910280803,232
pixel_6 _PYR_pig,2005,78.652583,16.3254002,2,0.300731761229452,0.300731761229452,0.300731761229452,0.316685855692022,0.315300672066154,0.31807103931789,227
pixel_6 _PYR_pig,2006,78.652583,16.3254002,15,0.355951537673318,0.356040081148833,0.419507385231413,0.419507385231413,0.323706744964774,0.442130536745354,222
pixel_6 _PYR_pig,2010,78.652583,16.3254002,14,0.280488864549552,0.280488864549552,0.288914052143173,0.335591194716294,0.31380363918863,0.349372210464593,214
pixel_6 _PYR_pig,2011,78.652583,16.3254002,13,0.290076499760267,0.290076499760267,0.290076499760267,0.312725385390012,0.290160433614455,0.333429506686571,212
pixel_6 _PYR_pig,2013,78.652583,16.3254002,52,0.382756236954682,0.382039468153437,0.422320940699465,0.422320940699465,0.372784605740263,0.470726199776275,212
pixel_6 _PYR_pig,2014,78.652583,16.3254002,104,0.393882432251877,0.391225775320725,0.438140672527051,0.438140672527051,0.356485452259241,0.481988665593543,212
pixel_6 _PYR_pig,2015,78.652583,16.3254002,48,0.377938709856467,0.370596898102546,0.422312486234011,0.422312486234011,0.390942524628107,0.432459507847651,210
pixel_6 _PYR_pig,2016,78.652583,16.3254002,66,0.393152011987885,0.374827978675299,0.475086526791782,0.475086526791782,0.316098900698023,0.477248589786707,209
pixel_6 _PYR_pig,2017,78.652583,16.3254002,30,0.356103342187595,0.361934014041069,0.37320685621317,0.405034498694953,0.35720987171814,0.419974857398612,208
pixel_6 _PYR_pig,2018,78.652583,16.3254002,45,0.41698623863762,0.422160146766143,0.445169445943448,0.448703957676568,0.37794401800238,0.483136177827322,208
pixel_6 _PYR_pig,2019,78.652583,16.3254002,96,0.363301452941812,0.355918242425162,0.416470835838489,0.416470835838489,0.333593221092947,0.432031013289187,208
pixel_6 _PYR_pig,2020,78.652583,16.3254002,49,0.354524635496251,0.375286846017038,0.38230778169599,0.38284402932047,0.359728640024389,0.423077735835485,208
pixel_6 _PYR_pig,2021,78.652583,16.3254002,57,0.327788475453868,0.316177216835474,0.38256325039024,0.38256325039024,0.297644562531595,0.42949907507756,209
pixel_7 _PYR_pig,1992,78.6525769,16.3267656,12,0.31231472507435,0.323398168731531,0.345074398529046,0.346316266141398,0.269212760419442,0.378623359431082,214
pixel_7 _PYR_pig,1993,78.6525769,16.3267656,2,0.346181407669447,0.346181407669447,0.346181407669447,0.36898648543107,0.36744846084411,0.37052451001803,214
pixel_7 _PYR_pig,1995,78.6525769,16.3267656,2,0.358888392630931,0.358888392630931,0.358888392630931,0.37934122316568,0.37202215531006,0.386660291021301,214
pixel_7 _PYR_pig,1996,78.6525769,16.3267656,2,0.272590202368457,0.272590202368457,0.272590202368457,0.284802940072796,0.279565773681684,0.290040106463908,214
pixel_7 _PYR_pig,1999,78.6525769,16.3267656,4,0.398573229988089,0.398573229988089,0.414735248531161,0.421482075458713,0.414735248531161,0.427663149070601,214
pixel_7 _PYR_pig,2000,78.6525769,16.3267656,8,0.413000614458123,0.408327404926477,0.451401519870437,0.451401519870437,0.401456069579602,0.45807150636721,214
pixel_7 _PYR_pig,2002,78.6525769,16.3267656,2,0.343681839683678,0.343681839683678,0.40545615990156,0.40545615990156,0.307797469236415,0.454871109978909,212
pixel_7 _PYR_pig,2005,78.6525769,16.3267656,2,0.429582138237444,0.429582138237444,0.429582138237444,0.475688477089975,0.464489254204326,0.486887699975625,227
pixel_7 _PYR_pig,2006,78.6525769,16.3267656,15,0.452739914940577,0.445392719336027,0.495459802164713,0.495459802164713,0.432344622455121,0.575340332690981,227
pixel_7 _PYR_pig,2010,78.6525769,16.3267656,8,0.390995194769473,0.399583138640528,0.399583138640528,0.508881802618226,0.468637110379178,0.515635900796344,219
pixel_7 _PYR_pig,2011,78.6525769,16.3267656,13,0.521021520509737,0.521021520509737,0.521021520509737,0.555212674400693,0.521021520509737,0.568094179633731,214
pixel_7 _PYR_pig,2013,78.6525769,16.3267656,50,0.560704103745682,0.550010729557837,0.597602567000734,0.604815970902616,0.557657322880133,0.699378479858265,214
pixel_7 _PYR_pig,2014,78.6525769,16.3267656,51,0.561917358125052,0.558760554844418,0.608160396141308,0.613670024043385,0.50783561148205,0.660515214011689,215
pixel_7 _PYR_pig,2015,78.6525769,16.3267656,24,0.42221681906754,0.42221681906754,0.430709178162308,0.514681764263274,0.493565789541031,0.532045549453126,213
pixel_7 _PYR_pig,2016,78.6525769,16.3267656,55,0.54272595110366,0.532780455566786,0.629360639307224,0.629360639307224,0.532986458474811,0.652178424748473,212
pixel_7 _PYR_pig,2017,78.6525769,16.3267656,30,0.502281295747773,0.509015545562386,0.524193732691595,0.578002248573584,0.521604989484736,0.616233468393471,210
pixel_7 _PYR_pig,2018,78.6525769,16.3267656,27,0.603091447976402,0.584235462632543,0.672366097536313,0.672366097536313,0.562966475356059,0.675711022071164,210
pixel_7 _PYR_pig,2019,78.6525769,16.3267656,72,0.529732090865361,0.505432096580815,0.669404335589297,0.669404335589297,0.495998917459885,0.684992310346103,209
pixel_7 _PYR_pig,2020,78.6525769,16.3267656,45,0.532824914895254,0.525327432369915,0.611185204043854,0.611185204043854,0.525411483383756,0.645366762719172,209
pixel_7 _PYR_pig,2021,78.6525769,16.3267656,50,0.469504711752813,0.463436567166987,0.54751849472098,0.551621126078714,0.463709183179469,0.592019517702529,209
pixel_8 _PYR_pig,1989,78.6525708,16.3281311,6,0.304081758630981,0.304081758630981,0.32755977038394,0.32755977038394,0.319454207031372,0.32755977038394,252
pixel_8 _PYR_pig,1991,78.6525708,16.3281311,3,0.267616799793085,0.267616799793085,0.267616799793085,0.276130546813895,0.27590842730293,0.276816125211726,252
pixel_8 _PYR_pig,1992,78.6525708,16.3281311,21,0.264654436779809,0.268534598869635,0.315993548209702,0.315993548209702,0.247745264704645,0.33551275216043,252
pixel_8 _PYR_pig,1993,78.6525708,16.3281311,6,0.261450768505924,0.261450768505924,0.261456819052767,0.314763312232447,0.306883912187738,0.322466831771376,252
pixel_8 _PYR_pig,1995,78.6525708,16.3281311,3,0.334395778236529,0.334395778236529,0.334395778236529,0.348436839190835,0.348185292111877,0.349896613782254,252
pixel_8 _PYR_pig,1996,78.6525708,16.3281311,3,0.211530546733633,0.211530546733633,0.211530546733633,0.230960770968948,0.230666992007447,0.233168819206215,252
pixel_8 _PYR_pig,2005,78.6525708,16.3281311,2,0.475879164131109,0.475879164131109,0.475879164131109,0.533085544217626,0.526849671199258,0.539321417235994,227
pixel_8 _PYR_pig,2006,78.6525708,16.3281311,15,0.452488314580018,0.443607462225272,0.502915289993181,0.503463109702588,0.475567499501823,0.579373925068089,227
pixel_8 _PYR_pig,2010,78.6525708,16.3281311,9,0.405971669352775,0.419200560936429,0.419200560936429,0.531807946932648,0.484429454143936,0.536071354345471,220
pixel_8 _PYR_pig,2011,78.6525708,16.3281311,13,0.546579299569422,0.546579299569422,0.546579299569422,0.56259746134424,0.547237847936369,0.576885848041265,216
pixel_8 _PYR_pig,2013,78.6525708,16.3281311,52,0.551825020842081,0.557962133365866,0.571726617982977,0.610457863580866,0.55185009408116,0.654531594905302,216
pixel_8 _PYR_pig,2014,78.6525708,16.3281311,78,0.583771184203527,0.600865081207415,0.610899685039343,0.613699434643472,0.54859456626955,0.640673580659284,216
pixel_8 _PYR_pig,2015,78.6525708,16.3281311,24,0.464232037082382,0.464232037082382,0.464607889581656,0.562447793030884,0.55399680075566,0.574454488970619,215
pixel_8 _PYR_pig,2016,78.6525708,16.3281311,65,0.528858799918363,0.553410203095046,0.601435910482077,0.601435910482077,0.480382676296326,0.630441866207399,214
pixel_8 _PYR_pig,2017,78.6525708,16.3281311,30,0.518378998580712,0.53521858244884,0.544753183375919,0.587046923844586,0.558018346428758,0.609634031747642,212
pixel_8 _PYR_pig,2018,78.6525708,16.3281311,36,0.58936227835837,0.581211740823822,0.651492854256146,0.651492854256146,0.558583261690262,0.657439715312069,211
pixel_8 _PYR_pig,2019,78.6525708,16.3281311,78,0.539256545311672,0.562818375835049,0.596514909347912,0.596514909347912,0.507531666532299,0.622890807982693,211
pixel_8 _PYR_pig,2020,78.6525708,16.3281311,43,0.543382240372581,0.53299053227444,0.585552959102926,0.585552959102926,0.534702630700826,0.636754536663622,210
pixel_8 _PYR_pig,2021,78.6525708,16.3281311,65,0.449934261112727,0.42273786902807,0.505077561959384,0.526850124211251,0.462219324113803,0.584565348634582,210
pixel_9 _PYR_pig,1989,78.6525647,16.3294965,6,0.260624970095123,0.242138640890538,0.309523656182369,0.309523656182369,0.267513464175521,0.314132454186201,220
pixel_9 _PYR_pig,1991,78.6525647,16.3294965,4,0.230512117922729,0.230512117922729,0.250653869595525,0.273620863521814,0.263155996319109,0.281643814459773,220
pixel_9 _PYR_pig,1992,78.6525647,16.3294965,14,0.24505559533666,0.240855981277725,0.278120888167111,0.278120888167111,0.223758537963026,0.302581771424454,220
pixel_9 _PYR_pig,1993,78.6525647,16.3294965,3,0.290066109815748,0.336299713062406,0.336299713062406,0.354117189912064,0.20607980724274,0.358315479111169,221
pixel_9 _PYR_pig,1995,78.6525647,16.3294965,2,0.357247710556146,0.357247710556146,0.357247710556146,0.367555575471756,0.362130041548247,0.372981109395266,220
pixel_9 _PYR_pig,1996,78.6525647,16.3294965,3,0.316201226767554,0.316201226767554,0.316201226767554,0.323054040635389,0.317277734469551,0.332389228818709,214
pixel_9 _PYR_pig,1999,78.6525647,16.3294965,3,0.370883741237606,0.357468212065357,0.389665482078755,0.389665482078755,0.359225254663443,0.430564218892693,207
pixel_9 _PYR_pig,2000,78.6525647,16.3294965,5,0.431144651076602,0.425712850144454,0.457249173566881,0.457249173566881,0.414671418833113,0.472962278413391,202
pixel_9 _PYR_pig,2004,78.6525647,16.3294965,2,0.457091500244512,0.457091500244512,0.457091500244512,0.524917749499122,0.479159085589053,0.570676413409191,215
pixel_9 _PYR_pig,2005,78.6525647,16.3294965,3,0.406271171130482,0.406271171130482,0.406271171130482,0.479385476044759,0.406305584091009,0.479675250425364,219
pixel_9 _PYR_pig,2006,78.6525647,16.3294965,20,0.428710932948058,0.431904948265808,0.445410740110886,0.499547635176044,0.41202709856347,0.538468214862657,222
pixel_9 _PYR_pig,2010,78.6525647,16.3294965,6,0.353132104882905,0.364213232236497,0.364213232236497,0.492032240781685,0.464853832981922,0.496003385302532,216
pixel_9 _PYR_pig,2011,78.6525647,16.3294965,13,0.563896937408481,0.563896937408481,0.563896937408481,0.600867929451157,0.563978310580125,0.636841051561997,215
pixel_9 _PYR_pig,2013,78.6525647,16.3294965,48,0.51950512467288,0.515827232889607,0.548772791033677,0.594679235374563,0.513993051733855,0.657007721874597,215
pixel_9 _PYR_pig,2014,78.6525647,16.3294965,91,0.531274599342514,0.54673801801397,0.609520321466111,0.609520321466111,0.480789018974178,0.642948528048096,215
pixel_9 _PYR_pig,2015,78.6525647,16.3294965,55,0.462926315999654,0.479322082767222,0.518903639930141,0.521597658209841,0.509715383491183,0.605358222570885,214
pixel_9 _PYR_pig,2016,78.6525647,16.3294965,55,0.488792693644418,0.482370053713562,0.552202290449691,0.552202290449691,0.42509049877824,0.590574438647581,212
pixel_9 _PYR_pig,2017,78.6525647,16.3294965,30,0.420226648785468,0.419549433307843,0.421886737172189,0.52029517494241,0.462944008588067,0.537803220714178,211
pixel_9 _PYR_pig,2018,78.6525647,16.3294965,40,0.545460854100052,0.511532631176165,0.627411152889194,0.627411152889194,0.501034678866144,0.631564521415322,209
pixel_9 _PYR_pig,2019,78.6525647,16.3294965,87,0.491637117498297,0.481332909452086,0.568960249637494,0.568960249637494,0.417390731320724,0.674295866399493,208
pixel_9 _PYR_pig,2020,78.6525647,16.3294965,49,0.463148848854789,0.480211691935327,0.541693359476137,0.541693359476137,0.465493742923142,0.585200935429679,208
pixel_9 _PYR_pig,2021,78.6525647,16.3294965,40,0.436706080583112,0.418398758607938,0.482717927082931,0.486368654909742,0.450486076247147,0.538033009298929,208
